voucher_code,discount_amount,start_date,end_date,updated_at,discount_perc
XYZ456,79.1,1733626547,1734299250,1735835399,11
456JKL,46.32,1733586920,1734408835,1735232964,14
789VWX,74.62,1729519466,1731580427,1731798243,12
XYZ456,76.23,1710984245,1711134347,1711778636,13
YZA123,99.99,1714748183,1716945731,1718642033,34
STU456,54.03,1710724871,1712831217,1714108588,6
456JKL,82.73,1736068833,1738047787,1738645986,1
XYZ456,47.96,1722627449,1724684929,1726884997,9
ABC123,10.57,1731875045,1733535269,1734108525,12
ABC123,27.58,1709547558,1710763891,1711065216,30
STU456,5.0,1705910404,1707589840,1709528576,0
YZA123,25.94,1732727334,1735150219,1737004732,27
456JKL,26.83,1728683584,1730632076,1732493774,20
ABC123,88.5,1707657494,1709959134,1711934118,15
456JKL,12.79,1714041321,1714898642,1716758295,5
789GHI,56.63,1725346304,1727813724,1728849686,20
123DEF,99.52,1711424910,1711534131,1713397134,19
PQR123,66.22,1718142282,1719796368,1720227292,14
ABC123,82.3,1709562078,1710026160,1712147415,18
PQR123,78.28,1730583210,1731115880,1733187659,28
456JKL,17.55,1720914144,1723188045,1724512312,27
STU456,26.96,1734768678,1736944196,1738726429,23
789VWX,18.06,1721999867,1724199764,1726464757,23
MNO789,15.63,1718585001,1720901664,1721811959,9
789GHI,61.39,1707991111,1709574956,1712142369,7
ABC123,35.03,1722425751,1723748763,1726333927,5
YZA123,36.69,1733907577,1734076376,1736252562,17
789VWX,85.53,1722930738,1723757539,1725444986,7
ABC123,66.47,1705125870,1706195112,1707236731,31
ABC123,20.3,1724473001,1725013482,1725264891,20
PQR123,37.26,1705532099,1706497908,1708640912,19
789GHI,0.36,1727555938,1728467046,1729533502,12
123DEF,50.13,1713994289,1715231865,1716012177,6
XYZ456,61.05,1729107905,1730746749,1733139101,21
MNO789,55.55,1714959793,1716518127,1718793178,22
MNO789,97.34,1726985123,1727205233,1728957193,22
456JKL,39.08,1718924664,1720900842,1723203307,36
YZA123,29.58,1719434761,1720874666,1723253928,10
XYZ456,44.33,1722315813,1724520307,1726713169,14
STU456,34.71,1709825376,1711306907,1713367421,14
XYZ456,85.87,1707402181,1709016620,1711086500,19
123DEF,87.5,1717548562,1717998334,1718692330,1
123DEF,34.82,1726869245,1728086099,1729580390,14
YZA123,46.7,1721826242,1723380996,1724633632,9
789GHI,89.76,1722035043,1724540187,1725679290,18
789GHI,86.02,1722337306,1724871016,1725004626,3
XYZ456,9.2,1729958133,1730875196,1733079665,11
789GHI,55.28,1729316173,1729580631,1731675886,43
STU456,30.51,1723773836,1723907832,1726162975,33
MNO789,23.58,1712499968,1713432900,1715723105,15
789GHI,19.81,1718241921,1719197621,1720874341,8
STU456,71.71,1713880917,1714597306,1715657133,5
789GHI,91.36,1714696943,1714842715,1716728140,14
PQR123,2.84,1719811104,1720353333,1722386782,41
XYZ456,83.67,1723737348,1724347430,1726365336,7
ABC123,93.62,1719865926,1720579006,1721808663,10
XYZ456,36.38,1725456142,1726560487,1727099603,25
123DEF,66.7,1715489829,1717255906,1719184793,21
PQR123,49.37,1724555813,1725718770,1727979566,15
PQR123,97.81,1733505824,1734791479,1735705443,16
789VWX,57.79,1716735616,1717466532,1718692731,17
789VWX,81.6,1733506863,1735273346,1737185054,4
ABC123,80.07,1718416053,1719108156,1720205801,7
MNO789,85.27,1715847051,1717629565,1720068132,16
789GHI,86.97,1735756178,1736789982,1738158975,2
789GHI,86.18,1735120159,1736258086,1737456320,1
789GHI,52.64,1730054552,1731070303,1733126006,5
YZA123,59.82,1714005512,1714893240,1716583837,12
YZA123,57.85,1735190789,1737681319,1739976449,18
123DEF,99.34,1718204923,1719624538,1721564344,16
XYZ456,64.53,1731979683,1732735346,1735172940,6
456JKL,14.7,1731423956,1733405565,1735461713,18
YZA123,15.08,1717627642,1719616221,1721648543,20
789GHI,41.6,1726744906,1727764897,1728915158,14
STU456,1.48,1706235505,1707143368,1709585271,19
ABC123,65.91,1713674521,1714456803,1715100013,32
YZA123,73.36,1720879463,1722035533,1723724479,21
789GHI,40.43,1725520559,1726883163,1728321249,14
456JKL,50.31,1712514400,1714638848,1716690011,5
MNO789,90.39,1722370132,1722986797,1724224814,4
MNO789,29.42,1730334542,1732196869,1732413052,28
STU456,89.72,1708157652,1708365242,1709465356,23
789GHI,43.73,1708469387,1709601523,1711519130,27
123DEF,32.2,1704561212,1706560629,1707638060,1
456JKL,6.03,1726899922,1729065244,1729986231,0
XYZ456,81.47,1731122259,1731756368,1732593181,2
PQR123,37.07,1735161128,1735893646,1736915022,9
YZA123,40.68,1730718986,1733040415,1733953958,35
456JKL,3.2,1736300676,1737980750,1739082536,11
PQR123,15.45,1735425230,1735541579,1735650108,8
789GHI,99.41,1718234959,1719248127,1720322345,25
PQR123,22.93,1732922532,1733201638,1735406517,2
ABC123,70.13,1718612111,1719481920,1720588980,19
STU456,3.42,1704546762,1704991985,1707303114,25
STU456,41.54,1734944788,1737397434,1739358130,1
789GHI,65.64,1732447013,1733148840,1734894416,18
123DEF,4.92,1716864267,1718811245,1720367747,23
PQR123,10.24,1704111697,1705012008,1706281389,12
PQR123,7.56,1728700132,1729112331,1731034149,30
123DEF,86.53,1704055860,1704715831,1705817940,10
789VWX,40.79,1730899826,1732985530,1733737433,17
123DEF,27.82,1724059358,1725062045,1727484517,23
123DEF,93.24,1706320617,1706509166,1707193383,21
456JKL,34.87,1719949565,1721682965,1724167083,22
789VWX,93.04,1704521182,1704990232,1706303054,18
789GHI,54.57,1725397028,1726967188,1727718985,24
XYZ456,43.7,1709077605,1711341710,1712116578,9
ABC123,82.28,1718806672,1720137825,1721032976,18
123DEF,24.67,1713897680,1715468405,1717232454,20
XYZ456,95.09,1730661094,1731210059,1731621007,21
STU456,24.36,1717512031,1719329898,1720729831,18
789VWX,76.1,1724429065,1724959954,1725819538,3
ABC123,41.49,1722943071,1723561877,1724344712,0
456JKL,56.62,1719365506,1720264685,1720659032,11
123DEF,51.54,1704795376,1705344269,1706304834,14
YZA123,93.94,1714106300,1715255569,1717103009,1
YZA123,20.64,1730654495,1732921877,1733761978,4
PQR123,19.89,1708332305,1710475382,1712588414,5
789VWX,38.41,1722879027,1724053187,1725708007,34
YZA123,83.28,1732832633,1734694929,1737039697,10
123DEF,77.11,1724127689,1725861130,1727313067,31
789GHI,63.35,1719240382,1720670138,1723071438,17
789VWX,43.98,1724770225,1725180091,1725329571,26
789VWX,80.6,1713133834,1715445210,1716183534,1
123DEF,52.71,1729700675,1732272282,1734065631,15
XYZ456,26.85,1712366352,1714460981,1714876657,13
789VWX,70.35,1723083011,1724076901,1724519585,16
XYZ456,47.86,1725452543,1726259833,1728166093,26
789VWX,81.89,1735397518,1737053282,1737533779,12
STU456,80.49,1709877686,1711756667,1712386772,9
789VWX,28.98,1710727416,1712210141,1713609917,23
123DEF,44.31,1723555269,1726128118,1726543850,15
YZA123,8.67,1715069496,1715382468,1716572847,11
789GHI,62.62,1719309722,1720857318,1722823066,4
PQR123,31.41,1716387642,1716522734,1718625095,22
123DEF,34.79,1714925498,1716636074,1718516561,27
PQR123,73.24,1727969834,1728366085,1729538197,17
PQR123,93.41,1704846520,1707074112,1708578696,22
789GHI,71.04,1716538427,1718555929,1719826664,5
STU456,81.06,1731144527,1731892096,1733388287,21
789VWX,75.07,1730362982,1732704687,1734523431,10
PQR123,54.22,1734310863,1734655128,1737069056,17
MNO789,42.52,1733422089,1735517654,1737453388,9
456JKL,18.67,1724459941,1725180032,1726427095,1
YZA123,71.04,1710286417,1712132288,1714691281,12
MNO789,34.1,1734762095,1736306167,1738819766,25
MNO789,66.21,1710948558,1711149974,1712461900,16
789VWX,78.93,1716256481,1716541375,1718268441,10
YZA123,69.83,1723536288,1724240676,1725420360,29
123DEF,15.15,1708506341,1709309736,1711576493,17
PQR123,66.18,1718868745,1720458922,1721210469,6
YZA123,87.76,1730531618,1731929340,1733229663,33
MNO789,61.14,1723785510,1724328048,1724560988,26
456JKL,36.39,1714439166,1715183835,1716318423,5
456JKL,25.67,1704272375,1704479776,1704821690,2
MNO789,74.21,1734579454,1736273169,1737934234,21
123DEF,65.91,1724941431,1726457518,1728233493,5
123DEF,55.69,1709958541,1711217933,1713308134,31
MNO789,45.82,1733659728,1735204669,1735353277,20
PQR123,14.81,1718920954,1721476820,1723102312,31
ABC123,6.26,1724564575,1726566173,1727326260,8
XYZ456,49.26,1735035301,1737370842,1738145073,7
789VWX,73.08,1722984048,1724451950,1725815401,29
STU456,94.72,1713247828,1714363125,1716658405,25
YZA123,9.84,1707578548,1707851314,1710301721,14
YZA123,93.91,1725976132,1727609514,1728926343,21
STU456,84.48,1728285295,1729814402,1732405381,28
YZA123,5.01,1719753549,1721384372,1723722767,25
789GHI,72.56,1708369507,1710162766,1711651050,11
456JKL,89.59,1722942111,1724630810,1725828748,25
789VWX,54.35,1735832078,1736450482,1737480681,14
123DEF,58.84,1724786661,1727233912,1728627241,16
456JKL,5.22,1714430692,1716729155,1717482772,25
789GHI,29.65,1715867698,1716340368,1718716619,16
456JKL,46.82,1719770754,1720867277,1723226758,6
STU456,24.92,1705950883,1708322966,1709677132,7
123DEF,24.47,1719084947,1720606385,1722402971,19
789GHI,83.17,1732678336,1733057625,1733651711,17
789GHI,40.0,1726943836,1728529771,1728909277,16
MNO789,64.17,1736114199,1737038227,1739226522,17
789GHI,7.95,1732707790,1735006244,1737368491,13
PQR123,77.41,1721976095,1723423940,1725441909,25
MNO789,79.69,1730094650,1732282996,1733281433,29
MNO789,15.02,1710554092,1711719597,1713228146,9
789GHI,64.84,1720125840,1720644151,1721400027,7
789VWX,16.68,1714844463,1716511536,1718301118,9
PQR123,85.21,1736336776,1737252987,1737619315,4
PQR123,52.65,1716954569,1717376585,1719515404,23
YZA123,99.69,1714655417,1716818297,1718272962,2
XYZ456,11.27,1712010103,1712836265,1713248129,17
PQR123,60.93,1726863992,1728820352,1731148390,28
ABC123,33.59,1722799315,1723695149,1724755134,5
789VWX,66.9,1723524488,1724338498,1725224156,23
456JKL,35.53,1734387270,1735401066,1737512227,2
PQR123,60.7,1728544820,1729535323,1731088158,7
STU456,8.53,1718304628,1718920621,1719195900,1
STU456,37.76,1704532238,1704628225,1706881895,15
789GHI,82.14,1712218820,1714046614,1715106051,28
STU456,60.94,1725322596,1727228986,1728713881,34
ABC123,80.82,1720539470,1722601225,1723652018,9
PQR123,30.47,1721826821,1723322203,1724443623,26
XYZ456,8.42,1726491241,1726666548,1729067598,12
123DEF,83.21,1720597961,1722716517,1723414391,49
YZA123,74.09,1705522457,1706321771,1707155980,29
ABC123,11.94,1727193530,1727794513,1729260183,15
PQR123,71.1,1724618039,1727159892,1728628826,32
STU456,60.87,1729301707,1731296484,1733417799,24
789VWX,7.63,1716160759,1716592224,1717336039,12
STU456,49.66,1713052337,1714587130,1716539383,7
STU456,32.79,1728084508,1728294362,1728784825,6
MNO789,99.07,1732714018,1733854239,1735673918,17
123DEF,94.87,1736009524,1738558702,1740404297,4
STU456,56.23,1709384570,1710823688,1710966065,8
ABC123,42.36,1712116896,1712291455,1714303390,10
456JKL,11.73,1706167121,1706667743,1708271982,16
789VWX,67.01,1717148322,1719580304,1722043610,29
PQR123,46.51,1729371670,1730934981,1731419177,12
456JKL,87.58,1706121194,1708024338,1710270322,22
MNO789,29.42,1728258855,1729229107,1731049928,23
PQR123,0.15,1729980738,1731267762,1733155287,28
STU456,13.96,1724115715,1724968735,1725252071,11
789GHI,23.32,1712170339,1713469100,1714009699,16
123DEF,50.49,1710512039,1711860416,1712213858,3
XYZ456,83.42,1722823384,1724692371,1726015919,10
YZA123,28.42,1729058299,1730469661,1730947130,1
123DEF,98.3,1729876810,1731377039,1733811856,6
STU456,35.97,1713092732,1713574670,1713980770,11
456JKL,96.23,1734701503,1737256959,1738287944,25
MNO789,89.87,1713638041,1715881277,1718458119,18
PQR123,72.45,1707369290,1708368411,1708856777,10
789GHI,33.1,1722052326,1724242407,1725348329,25
ABC123,41.36,1716870833,1717748177,1719630323,31
ABC123,28.26,1715518916,1716388202,1717594511,2
XYZ456,41.02,1717052878,1718191448,1718733824,29
456JKL,2.4,1724165288,1726110049,1727539289,10
456JKL,43.08,1709105710,1710623910,1711293917,13
456JKL,81.71,1711164684,1711563673,1713246802,26
123DEF,88.78,1727789497,1729451896,1730608476,23
ABC123,4.77,1727042993,1728075174,1729801383,18
789GHI,89.14,1713403768,1714548163,1716810196,15
789VWX,36.98,1729435174,1730725604,1731418443,8
123DEF,41.39,1712140151,1712564238,1714316532,3
123DEF,18.88,1716796424,1717718481,1719842537,15
MNO789,89.63,1710877329,1712709309,1714150542,14
XYZ456,44.42,1709217204,1710952579,1712407740,9
ABC123,39.86,1735462082,1736089361,1736654587,25
STU456,47.68,1709338089,1710043484,1711043382,8
789GHI,14.56,1730803983,1732740861,1735096613,19
MNO789,30.21,1710775994,1712562998,1714283120,22
ABC123,71.5,1725706125,1725803446,1726462818,31
MNO789,81.72,1710245289,1712611689,1714739156,3
123DEF,99.17,1722865843,1723498153,1724379675,9
789VWX,94.69,1721620414,1722489883,1723958910,5
YZA123,87.21,1720342510,1720721574,1721225965,6
123DEF,30.09,1720345739,1721322326,1721760562,8
MNO789,61.37,1729566224,1731974383,1734179928,18
789VWX,5.84,1706555881,1708422838,1709846688,7
789GHI,0.78,1705155334,1707134306,1709354089,26
STU456,70.25,1716351684,1717651999,1719251788,0
789GHI,28.57,1714443856,1714772299,1717038283,18
STU456,33.25,1706070487,1707300264,1707478542,6
YZA123,19.72,1724415907,1726377736,1728334219,1
789VWX,72.12,1706924489,1707906100,1708301489,5
123DEF,88.49,1735686479,1737005160,1738510240,28
PQR123,20.95,1705306308,1707862888,1709537309,6
PQR123,26.18,1726873956,1728270601,1730792354,13
STU456,81.33,1733168674,1734515219,1735787181,31
123DEF,1.68,1704548991,1704801300,1705327805,11
123DEF,89.14,1732233463,1732713295,1735123255,14
789VWX,14.79,1717552510,1718774846,1718888533,4
PQR123,66.18,1715058607,1716888326,1718974723,15
XYZ456,53.0,1720432059,1722625905,1724286542,15
123DEF,79.9,1716229148,1718767630,1720424006,12
YZA123,30.04,1721027734,1721665207,1722051879,27
789VWX,90.83,1704894092,1705185220,1706587223,1
MNO789,99.14,1732529288,1732670419,1732929796,8
ABC123,17.99,1734790963,1734894692,1736197879,20
789GHI,83.21,1721539296,1721976671,1722915325,16
PQR123,66.87,1718538085,1718734470,1719605239,0
MNO789,25.3,1715063616,1716371198,1716668310,24
XYZ456,42.96,1719774836,1721042940,1722954453,3
MNO789,83.76,1733564343,1734734782,1735045848,17
PQR123,3.45,1718347049,1719582124,1720321740,9
456JKL,25.22,1717798326,1719958003,1721078374,19
YZA123,66.15,1717821458,1719704149,1720011568,5
MNO789,13.83,1722967281,1724965849,1726808420,8
789VWX,11.52,1713784804,1715777485,1718135372,17
STU456,55.29,1734868452,1735123180,1736832536,26
456JKL,17.93,1733261847,1735340071,1736244673,21
STU456,98.58,1723502759,1725568862,1726853625,12
789GHI,3.83,1705698932,1706224153,1708421564,11
789GHI,27.63,1728791686,1729977916,1731290548,9
789GHI,14.93,1709255591,1711789743,1711890503,8
PQR123,42.76,1714886104,1716381138,1717960266,2
YZA123,84.13,1732869190,1734845683,1735915332,0
789GHI,63.1,1733765675,1734714678,1736945895,13
789VWX,20.2,1706898087,1708293187,1708824895,2
ABC123,34.61,1707855710,1708554511,1708780316,12
ABC123,99.99,1721095144,1721519775,1722316215,15
PQR123,26.19,1732324096,1733814604,1735138667,5
MNO789,5.18,1724386621,1725478501,1727052260,16
789GHI,22.33,1725319630,1726343943,1727909414,22
YZA123,24.87,1728376046,1730277574,1732754526,13
456JKL,19.11,1728192968,1730561090,1732571396,2
MNO789,35.78,1710021209,1710125616,1711765966,20
PQR123,85.21,1720227665,1721235560,1723130425,7
YZA123,36.02,1708811484,1710604850,1711729222,3
XYZ456,56.99,1731064252,1732690850,1733058959,13
ABC123,5.51,1734666472,1736632587,1737538738,14
123DEF,46.58,1706245877,1706875222,1709360784,27
456JKL,92.14,1729212778,1731245762,1732227818,3
456JKL,40.38,1722242489,1722834778,1723197101,21
STU456,47.09,1719045491,1719707591,1721580498,29
ABC123,15.36,1718969667,1720311812,1721244043,16
STU456,60.54,1718986457,1719724065,1720488035,14
STU456,74.43,1706999272,1709334446,1711416413,17
YZA123,31.14,1727305580,1728992692,1729885253,10
456JKL,91.37,1720277122,1721836282,1724264235,14
PQR123,40.47,1719492054,1719687548,1721486585,7
PQR123,24.3,1716283612,1717983148,1720137239,20
789GHI,69.87,1715337733,1715731859,1716536600,18
MNO789,11.74,1733423329,1733517093,1734717664,20
456JKL,46.41,1729323838,1731876745,1732741646,29
STU456,66.91,1723973522,1725777542,1727516004,12
789VWX,95.57,1718852202,1720402554,1722187624,34
456JKL,80.79,1734523754,1736478821,1738373698,27
YZA123,93.86,1728254630,1729875837,1732269143,36
PQR123,80.99,1716643415,1717156590,1719050887,3
789VWX,60.97,1708260368,1709679709,1711786295,13
STU456,34.06,1732442722,1734420087,1736239079,26
XYZ456,59.35,1713254706,1713736685,1713974181,8
YZA123,11.74,1721469247,1721751959,1724085663,21
MNO789,15.84,1734581113,1736879949,1738375218,16
123DEF,77.54,1710262313,1711035596,1712767106,24
STU456,70.58,1712057531,1712146948,1714498134,16
XYZ456,78.17,1727879251,1729243617,1729675130,12
PQR123,36.12,1733446228,1734327498,1735538915,4
MNO789,37.01,1707263860,1708877322,1710338513,7
PQR123,33.6,1707010054,1708774318,1710212524,7
MNO789,68.96,1731364224,1732116416,1733896350,23
456JKL,26.31,1718599464,1720791522,1721515414,17
456JKL,59.08,1705066601,1707300554,1709610544,17
ABC123,52.13,1728079875,1729791227,1731044391,5
XYZ456,84.33,1733345874,1733668461,1735277650,19
789GHI,61.97,1717822168,1718018054,1719491248,5
PQR123,36.06,1718630350,1721096491,1723226173,27
MNO789,79.3,1719133522,1719636160,1721943523,24
456JKL,58.79,1722391263,1723353905,1724847533,9
XYZ456,62.98,1726307397,1727298563,1728109187,18
MNO789,2.35,1711573806,1712384428,1714634682,27
123DEF,39.74,1734834194,1736091814,1736820190,2
123DEF,82.5,1707133673,1707244616,1708053396,20
MNO789,83.3,1719232544,1721822140,1723253532,25
789VWX,70.0,1720028340,1722389039,1723043089,11
123DEF,61.96,1728495775,1730589771,1732456862,12
MNO789,32.23,1729449362,1731756612,1733201107,8
XYZ456,47.95,1731077978,1733062464,1734961957,16
MNO789,35.04,1708687107,1709309639,1709413108,13
789GHI,84.97,1720514202,1721271466,1722309183,12
STU456,4.67,1735507840,1736758887,1737391614,10
XYZ456,86.77,1709623332,1712027767,1714402943,16
ABC123,30.29,1731905608,1732771889,1734880474,20
789GHI,19.24,1727362540,1729869331,1732272393,15
456JKL,57.63,1715937634,1717447257,1717566659,11
YZA123,18.45,1714500290,1716133092,1718673748,7
ABC123,58.87,1712064999,1713869163,1714254349,20
MNO789,20.08,1719030278,1721070688,1722828930,22
XYZ456,83.25,1711393670,1713948099,1716136397,15
YZA123,46.19,1720054798,1721836272,1722493841,23
456JKL,38.95,1708799661,1709858649,1712104321,15
YZA123,27.07,1719986145,1721058489,1722184868,39
PQR123,12.07,1728315910,1728605733,1728908591,12
123DEF,50.63,1735130252,1735497131,1737113587,16
MNO789,13.19,1729407192,1730272691,1732332613,18
123DEF,52.61,1711882739,1714188442,1716211884,25
MNO789,8.08,1705131732,1707459411,1709376862,17
MNO789,61.2,1730611566,1730699419,1732911067,14
789GHI,24.4,1716413997,1718723810,1720488048,12
456JKL,69.3,1710858089,1712206276,1712940528,4
PQR123,94.07,1713724147,1715205367,1716162684,20
ABC123,82.46,1716325569,1717711353,1718836111,9
STU456,60.62,1715644574,1716896933,1716995919,27
MNO789,75.72,1729785848,1731923285,1733975492,10
789GHI,81.15,1707292106,1708052122,1709923245,9
PQR123,14.24,1729102150,1730095142,1730520403,20
456JKL,87.13,1708128455,1708379568,1709046732,7
YZA123,32.56,1709653638,1710796258,1711740520,23
YZA123,53.43,1708335977,1708422533,1709496752,6
XYZ456,90.52,1732360508,1734468070,1735017750,4
789GHI,2.1,1719576257,1720425867,1722114250,14
ABC123,54.96,1726819872,1727250141,1728190187,30
456JKL,97.32,1736491561,1737458680,1739936888,27
XYZ456,8.15,1724904518,1726803782,1728004504,25
456JKL,74.02,1713534683,1713740004,1715368129,7
PQR123,95.53,1725262189,1727488006,1729856282,22
789GHI,23.02,1722797943,1724472694,1725780688,17
ABC123,33.99,1717928947,1719170958,1720980220,21
789GHI,36.74,1730785353,1730899564,1731844903,17
ABC123,71.24,1736472237,1737602819,1737875195,12
XYZ456,98.49,1725580233,1727693477,1728850762,22
789VWX,73.37,1704718556,1706377708,1707770564,19
MNO789,33.4,1719736397,1720958927,1721999002,30
789GHI,56.92,1727118017,1727733137,1728621173,36
STU456,18.12,1730379654,1731265327,1732218273,22
XYZ456,74.76,1710622530,1711313371,1713894604,0
MNO789,0.61,1724627144,1726280510,1726710998,8
XYZ456,42.48,1735362209,1737640857,1738066614,24
STU456,5.59,1716003748,1717463410,1719605324,30
789GHI,14.08,1720539214,1722513565,1724917416,15
ABC123,45.06,1717457388,1718029367,1719603731,25
123DEF,32.88,1723459721,1724223745,1726531221,19
789GHI,46.28,1706510794,1708406931,1709740523,9
XYZ456,49.81,1734955806,1737497606,1738081741,21
789VWX,36.83,1713377365,1715348788,1716439127,20
789GHI,59.14,1722492880,1724864134,1725068584,31
PQR123,80.63,1720075480,1722055676,1724425422,13
ABC123,70.0,1724705379,1727066931,1729370809,18
ABC123,3.38,1713947286,1714078498,1714512438,20
789GHI,32.7,1733979962,1734432444,1735770560,17
ABC123,18.09,1717756095,1718650769,1720123386,12
123DEF,90.27,1715234598,1717119055,1717892359,14
789GHI,73.97,1713469858,1715424786,1715897100,6
123DEF,99.85,1729893996,1731227333,1732999293,2
123DEF,92.61,1735850537,1737560607,1739042613,24
YZA123,35.12,1734219688,1734603097,1736561801,31
PQR123,51.4,1709771042,1711709380,1711888446,2
789GHI,90.68,1736446489,1738168671,1738595130,21
MNO789,14.98,1734605513,1734844615,1736091835,12
YZA123,50.03,1706891555,1708941765,1709230401,35
789GHI,4.93,1734977076,1735357393,1737327263,15
STU456,21.53,1708340147,1709747540,1712003040,5
123DEF,3.7,1733923451,1736139214,1738577416,10
789GHI,73.11,1718484915,1720384659,1722048941,5
STU456,12.2,1734213919,1735545265,1736103998,19
XYZ456,95.64,1709479726,1710896226,1712764033,16
MNO789,13.38,1730607560,1732326611,1734268027,19
MNO789,4.05,1714576543,1716854757,1718342252,6
PQR123,50.32,1729791664,1731779088,1732115777,14
123DEF,47.16,1708044058,1709645896,1710000180,28
ABC123,42.37,1721670006,1723233070,1725572122,21
STU456,90.18,1734257183,1734613988,1735051123,13
YZA123,92.49,1711622641,1712143079,1713287951,23
STU456,35.7,1710089009,1710453139,1711276896,20
MNO789,66.41,1715385556,1716165093,1717351957,16
123DEF,50.24,1720722852,1722884431,1723860089,4
STU456,86.88,1731952761,1733504320,1733747459,3
123DEF,81.54,1728787196,1729126392,1729974645,15
123DEF,29.24,1732729203,1735090678,1737155600,8
123DEF,16.42,1719818283,1722326178,1724886803,29
789GHI,10.96,1705367444,1705789442,1706058946,13
789GHI,27.3,1731049217,1732654700,1734909147,23
456JKL,3.8,1731989092,1734194965,1735807584,7
XYZ456,89.26,1715447391,1717264486,1718488497,32
456JKL,3.07,1710755827,1711466540,1712282379,23
YZA123,10.97,1728108710,1728343272,1728941389,12
STU456,50.0,1713536822,1714908148,1715233649,13
STU456,33.03,1735736279,1738138602,1740186436,4
789GHI,32.79,1735780872,1738115077,1740523567,5
MNO789,51.16,1708512899,1709527094,1709692235,13
STU456,85.49,1723740395,1724547384,1725738710,19
456JKL,85.78,1726985374,1729456662,1729565545,10
ABC123,22.38,1706245237,1706341393,1706630485,30
789VWX,12.38,1706071878,1708312451,1708424857,5
MNO789,55.4,1718904082,1719496792,1720330718,16
789VWX,39.92,1716642332,1718306776,1719393793,26
456JKL,42.25,1723374024,1725304399,1725743768,13
XYZ456,88.45,1707299234,1708594410,1710913545,26
789GHI,61.1,1718655475,1721007766,1722182368,12
456JKL,89.98,1734377014,1736610503,1737488616,0
PQR123,57.88,1711768487,1712270409,1713781569,17
789VWX,4.06,1707799110,1708365762,1708488092,18
PQR123,80.02,1705920728,1706404465,1707737874,1
ABC123,69.08,1719425646,1720661708,1722771812,23
YZA123,87.23,1711168745,1713545359,1714172211,8
PQR123,53.03,1732109079,1734119802,1734486981,17
YZA123,94.03,1712388079,1712892665,1713920717,11
456JKL,34.33,1720278863,1722196541,1724653637,20
PQR123,64.74,1709883368,1710967297,1711238515,4
789VWX,19.28,1720060760,1722117559,1724173129,21
PQR123,4.74,1717956606,1718384587,1720343692,10
ABC123,36.99,1732850641,1735068364,1736337051,16
789GHI,11.97,1711176426,1712417704,1714675280,16
XYZ456,22.04,1712386800,1713495685,1715175208,23
STU456,45.53,1726454956,1727376312,1729635748,24
XYZ456,4.79,1730801898,1733020025,1733601545,11
456JKL,25.25,1719774676,1721457373,1723554143,16
789GHI,85.41,1726418610,1728626399,1730118032,18
789GHI,67.09,1722493415,1723684250,1724836922,15
789VWX,10.53,1717416726,1718139386,1718545440,29
789GHI,12.62,1732794583,1733715017,1734536630,6
123DEF,70.89,1723020625,1723997535,1725185718,21
789VWX,64.72,1730930460,1732104993,1733132542,29
123DEF,33.02,1727479714,1728699329,1728946245,6
STU456,95.09,1734110547,1735296865,1735388319,12
XYZ456,1.13,1726333010,1726794152,1727352515,7
789VWX,33.21,1734187964,1736157644,1737808670,3
456JKL,10.32,1730226546,1731917429,1733358241,18
456JKL,16.66,1732073974,1734542913,1734653949,9
STU456,66.71,1712104358,1713153323,1713751148,8
ABC123,50.73,1729995726,1730672257,1732380020,35
123DEF,45.05,1727680747,1729021078,1730140813,4
STU456,13.98,1727976423,1729709713,1730360633,8
STU456,76.09,1709309970,1711146313,1713407997,15
MNO789,76.07,1719933165,1721418104,1723176074,13
456JKL,92.14,1731839711,1734302073,1736551817,3
ABC123,94.93,1718732924,1721059786,1722751728,11
MNO789,25.68,1729839366,1731796163,1732403522,19
ABC123,8.69,1715506789,1716613879,1717435068,16
456JKL,97.57,1706384531,1706533363,1706998596,21
789GHI,15.96,1704671081,1706172748,1707900026,24
STU456,88.86,1704896605,1706174191,1707599328,12
XYZ456,54.66,1730499921,1732229242,1733303499,16
XYZ456,7.12,1718429095,1720961999,1723265217,15
789GHI,87.56,1714278610,1715509279,1717120300,15
123DEF,77.65,1704694697,1706783744,1706999692,4
789VWX,18.82,1735428869,1737038168,1738336160,9
XYZ456,54.95,1735186807,1735575267,1737269101,3
PQR123,18.87,1729164325,1729703851,1731943149,29
XYZ456,45.97,1728288198,1728404933,1730318825,7
456JKL,3.45,1727177112,1728063846,1729658116,19
ABC123,23.71,1735489505,1736242244,1737865857,18
ABC123,58.97,1714428524,1715279076,1716545694,11
YZA123,65.32,1709122875,1711660995,1712231317,11
MNO789,19.53,1732970240,1733058172,1734756114,23
456JKL,21.96,1715981602,1716909585,1719431208,11
456JKL,37.98,1711385278,1713924305,1716278309,14
123DEF,10.01,1714121429,1715465684,1717743992,30
789GHI,44.61,1722742269,1723429505,1724460784,13
MNO789,29.45,1731762106,1732116256,1734332337,24
789GHI,8.25,1718237161,1719282420,1720147371,13
456JKL,96.65,1727630054,1729995483,1731915154,19
MNO789,21.76,1727827367,1730132228,1730926940,25
789GHI,67.29,1706985641,1708560925,1710977266,6
XYZ456,83.41,1724673554,1726988440,1729340601,6
ABC123,93.17,1733106728,1733577748,1733948522,15
789VWX,5.95,1706389015,1708074063,1709645411,15
XYZ456,9.96,1730695967,1732899483,1734076057,6
YZA123,22.1,1732130671,1733876806,1735500070,14
YZA123,60.39,1735577352,1735760572,1736591866,24
YZA123,38.74,1706538420,1708706076,1710036273,12
MNO789,36.85,1706726235,1706923208,1707274552,18
123DEF,31.16,1724100139,1726630761,1728909208,11
456JKL,96.52,1727190842,1727645234,1729795960,21
789VWX,52.18,1732363229,1733181520,1734177308,13
789GHI,35.48,1726756241,1728273817,1729562448,16
789VWX,94.23,1725047006,1727442348,1728698146,2
123DEF,10.55,1733422801,1734799770,1736832113,19
YZA123,44.32,1730533856,1731851962,1733149341,16
YZA123,80.01,1706203202,1707760154,1708837595,21
ABC123,90.96,1706070340,1708108323,1709181058,21
XYZ456,66.32,1724423890,1726388426,1726731853,20
XYZ456,59.53,1722137359,1723175238,1725348681,12
789GHI,43.1,1719715524,1721445809,1724007182,11
YZA123,39.39,1713241969,1714360145,1714984942,25
XYZ456,3.54,1718215480,1719808911,1720417376,18
STU456,87.74,1709344720,1709955135,1711257667,10
ABC123,11.0,1722190296,1723700287,1724041621,26
789VWX,20.25,1733621161,1735503665,1736928179,3
STU456,77.16,1728975024,1731269115,1733241147,22
PQR123,36.71,1733320437,1734917753,1736562890,21
123DEF,49.34,1724576660,1724964172,1727477353,25
123DEF,25.34,1704512535,1706626141,1709090640,26
ABC123,16.13,1707305601,1707925579,1709639019,14
PQR123,7.6,1706511037,1709067812,1710170049,15
STU456,42.78,1711573154,1713845802,1716435588,11
YZA123,70.99,1721333550,1723750834,1724501525,12
STU456,25.69,1714074366,1714912971,1716977460,3
456JKL,66.17,1722392347,1723682102,1725953884,16
789GHI,64.58,1723152310,1724516767,1725439392,21
STU456,84.87,1725616391,1726295212,1727261809,15
789VWX,9.6,1707605284,1708718468,1710633072,13
STU456,14.89,1707982959,1710321663,1711768060,27
456JKL,40.35,1722046634,1722976216,1723806531,2
456JKL,30.17,1722461322,1724384099,1725280997,11
ABC123,6.27,1729175872,1730943972,1731348607,6
789VWX,18.2,1715235023,1716325808,1717105270,24
789VWX,22.29,1725678804,1726579800,1729059355,6
YZA123,5.24,1719268598,1720369656,1722304438,15
123DEF,80.19,1716209226,1716495687,1717270206,23
STU456,0.78,1717793029,1718643428,1720266378,32
789GHI,13.45,1715152099,1716911297,1717189727,15
123DEF,58.73,1734988749,1737402546,1738736472,9
YZA123,5.33,1708509340,1709450363,1709748720,11
789VWX,40.58,1717782354,1719521039,1720213266,19
STU456,6.83,1721555224,1722489250,1723121998,18
456JKL,77.35,1719926716,1720019130,1721186566,25
STU456,56.94,1725841526,1726058541,1727773681,7
MNO789,76.56,1732347612,1732445162,1734798850,13
789GHI,32.39,1735840972,1738089806,1739900990,20
456JKL,63.44,1718214243,1720265450,1721773803,5
XYZ456,32.37,1720008694,1722594550,1722951928,35
ABC123,47.84,1716547274,1717873242,1719592210,24
YZA123,22.18,1733220040,1734528305,1735281739,13
MNO789,32.02,1717941455,1719435940,1721148566,2
MNO789,39.78,1717787199,1718950745,1720516173,20
123DEF,7.14,1727091548,1728156357,1729511945,13
456JKL,56.02,1705649071,1706686917,1707310758,6
789GHI,46.97,1720509670,1720941091,1721892607,24
456JKL,49.51,1715423595,1717703589,1719133430,30
YZA123,46.1,1726249992,1728462470,1730472841,25
456JKL,42.9,1721344176,1723742335,1725521943,22
123DEF,48.35,1726900622,1729461393,1729910444,12
123DEF,99.85,1709616084,1711609428,1712341493,5
XYZ456,49.91,1735530250,1735755095,1738237745,7
MNO789,95.67,1727780637,1727979165,1728311615,18
789GHI,74.12,1729005247,1730785131,1732557509,11
789GHI,76.56,1732464632,1733563130,1733916265,15
PQR123,81.25,1716775822,1717761767,1719297123,5
456JKL,43.83,1719452542,1720555868,1721475292,18
MNO789,19.36,1725145707,1727415527,1728111135,30
789GHI,34.12,1722179157,1724372531,1726447551,10
PQR123,68.23,1720843955,1721975125,1722120717,10
STU456,7.92,1714677352,1716188734,1716754977,27
MNO789,99.86,1716123272,1717876456,1718838853,13
STU456,87.58,1711378938,1713777146,1713875657,1
STU456,44.78,1707637093,1709883882,1711105593,31
ABC123,21.27,1706858247,1707067223,1708374985,0
ABC123,16.52,1734633616,1734813646,1736820162,18
PQR123,44.01,1709247050,1709376627,1710561597,16
XYZ456,88.01,1704406949,1705744783,1706729080,4
PQR123,73.83,1730386253,1732066031,1732607813,1
STU456,82.62,1727535931,1729924239,1730165804,10
123DEF,75.48,1722967698,1724854175,1726698698,0
789GHI,2.74,1708380348,1708854671,1710363536,17
PQR123,82.7,1716092866,1716683595,1719231116,6
YZA123,6.89,1731896760,1732492732,1733886182,27
YZA123,85.22,1705404683,1706695332,1708337563,20
456JKL,44.26,1720578252,1722987996,1723856872,18
ABC123,0.01,1728495442,1730612758,1732510047,12
YZA123,73.45,1714340125,1715344777,1717863290,5
789GHI,81.26,1730038767,1732559193,1732996124,7
123DEF,50.13,1718886921,1720989999,1721941302,9
ABC123,9.97,1715555777,1716259902,1717054825,4
789GHI,49.34,1734763216,1735825135,1736202928,17
ABC123,98.49,1724436341,1725436764,1726612599,19
MNO789,96.45,1721290741,1723780399,1725375950,15
789GHI,71.39,1718174562,1719026908,1720525934,0
MNO789,64.29,1709588854,1710593723,1711354842,18
MNO789,5.97,1708399282,1710772185,1711093857,25
MNO789,18.23,1734964668,1736721215,1739151342,4
STU456,20.32,1722651039,1723279962,1723460119,16
123DEF,29.52,1721722287,1723405892,1724107721,21
YZA123,58.57,1722578182,1723321415,1724733708,14
XYZ456,5.53,1728756763,1728893948,1730888687,15
STU456,81.36,1719172356,1719923388,1721812158,29
STU456,19.9,1732984449,1734219565,1735224755,15
456JKL,96.0,1709895478,1710284698,1710755312,9
STU456,46.85,1711537550,1713471233,1714466107,14
MNO789,11.35,1712635532,1713494866,1714514801,4
789VWX,12.42,1733645014,1734886194,1737459179,22
STU456,32.88,1712212503,1713383967,1714128463,12
123DEF,2.61,1706601823,1707716981,1708504473,15
MNO789,97.17,1714014617,1714104370,1716518868,9
789GHI,87.6,1722486452,1723747306,1725136581,1
YZA123,42.74,1722168684,1722404168,1723608534,5
789GHI,68.07,1736357300,1737164211,1739588996,18
789GHI,58.84,1731995912,1733859629,1734599411,9
PQR123,18.2,1712802006,1713613640,1715907671,28
ABC123,4.21,1719977468,1720194017,1722687865,5
XYZ456,70.61,1730302759,1731987799,1733534901,34
MNO789,86.23,1734324301,1735804283,1738078769,35
789VWX,97.42,1706767521,1708614801,1709868751,17
YZA123,4.43,1706754512,1709304038,1711215411,5
PQR123,2.49,1728500220,1730551817,1732884171,5
STU456,26.09,1736520453,1737188435,1737725961,36
YZA123,33.18,1722961851,1724186249,1725976438,24
MNO789,77.98,1732469795,1734815282,1735499515,16
123DEF,90.8,1734137565,1736203097,1736708593,22
456JKL,76.8,1718632515,1720756507,1722955799,19
YZA123,19.43,1722809333,1725254343,1726666222,22
789GHI,37.84,1730450077,1731905472,1732491709,32
PQR123,17.07,1731742265,1734328270,1735434966,30
STU456,53.58,1734639827,1736346020,1737224350,23
XYZ456,3.61,1730759412,1731890777,1732000433,14
STU456,75.09,1729147029,1729462464,1730609491,23
ABC123,79.84,1714041775,1715516694,1716135284,2
789VWX,77.5,1732667316,1734791371,1735452892,20
789VWX,71.84,1708007921,1709405476,1709909808,12
123DEF,38.24,1730358464,1731723192,1732871114,13
789GHI,9.34,1735190014,1736962353,1738957562,14
YZA123,56.69,1727495314,1729946490,1732305053,3
STU456,65.6,1729306647,1731603467,1732401589,17
STU456,64.62,1729829699,1730838469,1731063130,15
456JKL,98.53,1715452329,1717286563,1719601772,28
456JKL,64.45,1730877224,1731237275,1731642981,22
STU456,96.7,1714222978,1716252108,1717888322,27
MNO789,10.63,1709703987,1711698895,1712517685,19
MNO789,28.35,1718322106,1719286335,1719927789,4
PQR123,71.75,1721417359,1723190942,1723507429,4
ABC123,3.82,1710311546,1712470192,1714157850,27
STU456,72.66,1707613805,1708023641,1709975397,16
ABC123,70.53,1731854783,1732112878,1734599989,0
PQR123,46.23,1719428472,1719963885,1721072942,19
PQR123,8.55,1726881096,1729232424,1731053111,18
PQR123,0.23,1724294965,1725861037,1728110967,5
MNO789,29.81,1722593662,1724293331,1726473222,1
456JKL,22.36,1720944899,1723293748,1725127988,19
456JKL,77.78,1718081590,1720046902,1720439450,11
ABC123,16.63,1727628922,1728207333,1729604949,23
MNO789,98.92,1732284719,1734740277,1736639498,8
MNO789,94.56,1712015970,1713627164,1715333101,1
ABC123,12.93,1733828238,1734735567,1735078210,25
STU456,21.15,1712425272,1713448281,1715045613,9
789GHI,31.35,1730886118,1732956507,1734331908,34
YZA123,91.15,1720649638,1721070335,1723406252,24
XYZ456,82.51,1712642282,1713838038,1714771196,3
789GHI,80.93,1705119524,1705354385,1707552754,15
MNO789,30.1,1707186567,1708801905,1711372333,13
789VWX,37.67,1726504033,1728438731,1730125328,24
STU456,36.83,1715400605,1715697942,1716506633,25
XYZ456,16.37,1712969658,1714408903,1716953706,5
789VWX,57.73,1722978180,1724520685,1725534071,10
456JKL,69.2,1723850931,1725023041,1727035171,22
ABC123,75.36,1717951312,1720437891,1722264562,16
ABC123,24.23,1727709306,1728325986,1728656142,3
PQR123,37.91,1727369500,1729481402,1730065895,16
123DEF,25.57,1722026810,1723682262,1724844584,1
STU456,88.35,1727479340,1728884631,1729275781,8
456JKL,71.61,1733600693,1735913008,1737553914,8
789GHI,11.28,1720113475,1720862358,1722652976,24
456JKL,35.09,1734566900,1735691549,1735815681,38
456JKL,12.33,1712507980,1714354786,1716867065,18
PQR123,36.52,1707140741,1707949184,1708842169,17
123DEF,93.18,1733110956,1733459701,1735086878,12
ABC123,87.19,1714733623,1715284761,1717674814,0
STU456,87.78,1726546825,1728926056,1730926980,14
XYZ456,12.76,1729720920,1732161407,1733205334,21
123DEF,17.53,1719067363,1720205876,1720563897,14
789VWX,92.55,1729626432,1731455969,1731598114,11
MNO789,30.42,1728385686,1730855478,1733087158,2
456JKL,6.15,1723121693,1724651373,1725987742,17
PQR123,45.0,1720146076,1720350585,1722577413,16
456JKL,53.02,1731215039,1731925095,1733598772,3
PQR123,28.15,1714354528,1714490815,1715839224,11
123DEF,27.31,1729827672,1730696177,1731016521,10
STU456,19.66,1707799982,1709276060,1709484292,19
789VWX,92.83,1723569480,1725518959,1725969473,8
MNO789,8.19,1724646706,1726788135,1727518888,3
789GHI,37.73,1722954375,1723951175,1725534633,3
MNO789,44.01,1704470150,1705742396,1707927048,9
XYZ456,96.48,1722615727,1724421179,1726877293,24
XYZ456,38.81,1709393041,1710267132,1710561289,20
789VWX,11.75,1716951530,1719522042,1721664511,5
YZA123,15.65,1710044766,1711884251,1713870613,33
STU456,17.31,1728481558,1728631645,1730525120,23
ABC123,43.39,1732861419,1735042730,1735525341,0
STU456,69.79,1734869155,1735609612,1737850137,7
MNO789,80.37,1724512872,1726622548,1726826417,34
456JKL,14.13,1723710916,1725553597,1727420930,19
456JKL,60.71,1728177448,1729472331,1730996772,38
YZA123,27.65,1732096175,1732392176,1734947828,20
PQR123,65.38,1710044792,1711077888,1713302707,5
789GHI,97.6,1716150991,1717025039,1718149943,3
YZA123,58.14,1713817765,1715210095,1716039310,10
PQR123,48.89,1724994489,1727293360,1728095488,13
PQR123,22.49,1730701691,1731368846,1733617355,12
XYZ456,93.67,1724023018,1726042489,1726856174,6
MNO789,60.85,1731573168,1732937502,1733940616,27
YZA123,85.34,1727651158,1729671388,1729899943,4
789GHI,53.81,1719980295,1722363788,1724234162,2
456JKL,14.32,1720347329,1720487466,1720767193,23
PQR123,59.14,1716629662,1718592488,1720596506,8
789GHI,52.78,1716315064,1717046260,1717572860,31
PQR123,12.33,1711919817,1714206034,1715154406,11
789GHI,15.47,1728862875,1731268018,1732403660,33
XYZ456,33.16,1713059833,1713603215,1714656424,20
123DEF,53.56,1731529528,1732983950,1734995037,5
YZA123,1.11,1712120342,1713560883,1713683214,10
YZA123,21.43,1710314192,1712423842,1713626056,16
789GHI,41.84,1726526878,1727924305,1729812870,3
XYZ456,22.16,1721290859,1721810768,1723272494,11
MNO789,8.59,1729621954,1730090755,1731661845,16
MNO789,20.43,1733069252,1734077035,1734416606,21
789GHI,40.33,1708333932,1709009170,1710101445,8
MNO789,85.8,1728542003,1729551181,1732050695,9
MNO789,32.07,1735519755,1736972910,1738513805,21
789GHI,86.71,1718505530,1720388059,1722188374,17
MNO789,87.71,1718027104,1718532635,1720675253,11
789GHI,57.41,1712468676,1713633280,1715507811,28
789GHI,76.53,1710437948,1711262320,1712228064,22
YZA123,0.64,1721115921,1722189467,1724405156,15
789VWX,70.63,1728632319,1729164205,1729720083,5
789GHI,80.26,1727301316,1729822005,1732323685,23
456JKL,89.11,1710917584,1711757985,1713850227,38
789GHI,42.42,1706219565,1708318301,1710192455,12
789GHI,32.66,1733355853,1733974300,1734524981,4
STU456,52.66,1704298000,1706661972,1707216563,25
456JKL,71.09,1717863895,1720122643,1722161155,15
XYZ456,35.23,1707763744,1708530799,1710870965,2
YZA123,53.77,1727150373,1729604461,1731879208,25
456JKL,69.47,1727975624,1729091955,1731415158,3
PQR123,7.36,1719717592,1722031221,1722219399,23
PQR123,27.61,1724519421,1725881162,1728099642,22
789VWX,93.66,1718947043,1720321480,1721092565,12
PQR123,39.43,1724373939,1724851079,1725501251,2
XYZ456,44.14,1704505646,1706188932,1706609763,11
PQR123,95.0,1716787285,1717725482,1719460936,22
789VWX,1.15,1723461668,1726007111,1728231023,15
YZA123,34.4,1729428383,1729756303,1731851933,16
ABC123,62.22,1717348853,1719616171,1721066548,34
MNO789,18.78,1720256333,1722121119,1724110402,13
ABC123,8.57,1715146231,1716077785,1716569708,31
789VWX,54.22,1704917213,1705471682,1707392923,17
PQR123,85.87,1707825010,1710050876,1712180199,11
456JKL,76.01,1729456988,1729749074,1730119872,10
STU456,50.53,1715149621,1715369489,1716335767,18
XYZ456,2.56,1723286789,1724235798,1724374401,14
789VWX,7.99,1721917202,1723584416,1725706006,1
STU456,54.27,1706921403,1707784457,1709318062,10
789VWX,54.43,1728381684,1730792704,1731003900,10
YZA123,1.49,1724096665,1724771126,1725641088,11
MNO789,46.93,1718862374,1719068110,1719810094,12
MNO789,57.18,1734146607,1734468148,1736167563,12
789VWX,49.04,1718742079,1719252298,1721171448,13
STU456,31.22,1717575257,1718556271,1721121963,13
XYZ456,23.4,1735283447,1737305638,1737629433,19
XYZ456,82.92,1716888725,1719143882,1719261660,4
MNO789,25.99,1704566829,1706822360,1707673617,18
456JKL,87.05,1713085731,1714482507,1716375445,36
789VWX,34.74,1706741372,1708810678,1709131132,43
STU456,79.95,1720700181,1721297612,1723407546,16
PQR123,13.18,1734711950,1735741100,1736038435,9
789GHI,1.9,1709071379,1710580594,1711815144,2
123DEF,63.25,1705215142,1705748493,1706367560,6
PQR123,76.13,1704305920,1706109522,1706839832,31
789GHI,17.25,1711768589,1713387557,1714208038,15
ABC123,2.86,1731269330,1731673193,1732993278,14
ABC123,77.61,1705090193,1706530125,1708971744,23
ABC123,63.2,1705952765,1708018961,1708298072,20
YZA123,60.22,1735241702,1735606187,1736951698,16
STU456,62.04,1707512713,1708231294,1709514734,13
XYZ456,31.14,1708674649,1710329270,1712786611,9
XYZ456,6.9,1724268034,1725051038,1725150305,4
ABC123,87.15,1724350671,1724475206,1725880615,10
456JKL,45.01,1732794741,1733938357,1735551629,8
STU456,25.39,1707553302,1708123907,1708352067,37
MNO789,50.48,1708251748,1708713800,1709798303,21
123DEF,77.86,1713146712,1715138979,1717416650,28
YZA123,74.63,1715456827,1717634977,1719611589,19
STU456,78.42,1726657604,1727017051,1729423825,8
123DEF,58.77,1712074240,1714375368,1716671244,15
PQR123,39.16,1735840134,1736443242,1736716900,23
PQR123,13.2,1721743552,1721941398,1723584002,17
MNO789,96.17,1720437888,1721252758,1721463384,31
ABC123,80.21,1709889482,1711526448,1712045697,6
XYZ456,51.64,1728328797,1730022647,1732314242,26
ABC123,31.99,1706773700,1708170499,1710581059,4
PQR123,72.96,1726590827,1727749109,1727893675,18
PQR123,56.52,1731559247,1734140698,1735305366,18
STU456,71.72,1704707138,1704980345,1705960461,16
ABC123,39.11,1717702780,1720195990,1720491234,22
PQR123,66.61,1729559684,1730202595,1730881370,20
YZA123,19.4,1717891029,1719057678,1720836623,29
STU456,30.64,1705142405,1706982076,1708762581,10
ABC123,5.81,1733844531,1735733884,1736323559,4
XYZ456,53.61,1715330674,1717470250,1719119983,12
XYZ456,18.21,1721044288,1721392533,1721902447,7
PQR123,21.34,1710121181,1711574852,1713801892,11
ABC123,49.05,1719654132,1720389138,1722134161,11
ABC123,46.92,1724995565,1726814124,1728240037,25
PQR123,24.28,1704119249,1704536681,1707016983,20
PQR123,42.9,1734198666,1736631991,1737438098,20
PQR123,45.19,1721940379,1723080500,1725165096,0
STU456,52.15,1712828512,1715064754,1716891978,11
ABC123,81.48,1705681875,1707727484,1708338730,16
ABC123,80.07,1720294327,1720423163,1722102707,20
YZA123,90.9,1707595851,1708503160,1710006515,25
456JKL,1.71,1733548392,1734403760,1735539674,11
XYZ456,47.7,1724854631,1725253552,1726154636,19
XYZ456,6.28,1717635410,1719995120,1722460321,21
123DEF,41.7,1734846823,1736569711,1737035075,18
789VWX,68.31,1706417462,1707041488,1707157713,24
456JKL,70.21,1727794730,1728243203,1729215504,11
YZA123,20.43,1706925887,1708374248,1709404094,33
789VWX,63.77,1727324403,1728357976,1728547122,3
MNO789,88.35,1731379001,1731587984,1732189312,14
123DEF,1.89,1727488806,1729337600,1730336912,4
789VWX,38.01,1714685341,1715055149,1716120833,19
MNO789,84.29,1705632249,1707273408,1709544470,1
789VWX,57.5,1706100944,1707684480,1710113196,19
789GHI,55.04,1736021098,1738565655,1738656796,13
ABC123,32.87,1713876806,1715087743,1716566189,19
789VWX,83.91,1723437852,1723641218,1724326296,4
456JKL,90.8,1727744793,1728444102,1730649593,7
789VWX,36.96,1714039424,1714981036,1715423232,10
YZA123,82.9,1708403394,1709513614,1711776250,6
XYZ456,59.59,1708728725,1709021219,1711204623,26
STU456,52.59,1726212250,1728074898,1729604421,22
YZA123,18.13,1717680792,1718195954,1719539434,18
789VWX,49.03,1728827306,1730830068,1731591326,17
789GHI,22.08,1710468295,1711060550,1711546962,13
YZA123,60.41,1704808201,1705061111,1706881564,11
789GHI,64.11,1730231175,1730354698,1731036473,18
789VWX,75.66,1721355218,1721588251,1723618721,24
YZA123,54.1,1734390104,1736714240,1739239738,12
456JKL,23.16,1725606491,1728001133,1729344353,10
ABC123,48.55,1730196236,1731129684,1733477678,17
456JKL,90.68,1723704595,1725869717,1726606683,11
ABC123,13.57,1732103705,1733448464,1734933715,18
789GHI,25.93,1721933256,1724129353,1724797783,13
789GHI,45.96,1718467234,1718791429,1719293311,20
PQR123,76.95,1712741120,1712964793,1715474175,26
789VWX,0.73,1731460200,1733275999,1735710997,12
PQR123,29.76,1705775302,1706086103,1707612462,24
789VWX,25.17,1728720896,1729077140,1730698860,28
PQR123,19.74,1716842866,1717422217,1719013174,14
XYZ456,46.02,1732209665,1734696315,1737226760,2
XYZ456,85.45,1726779170,1729341941,1731431854,8
789GHI,90.1,1719163509,1719411365,1720307407,22
123DEF,46.1,1708393461,1708719959,1709617787,32
YZA123,13.98,1704907418,1706574595,1707941000,15
789GHI,88.86,1733366347,1734630001,1737088565,12
XYZ456,81.48,1731828197,1733204118,1733539805,27
456JKL,58.05,1717154294,1718846596,1720196077,12
PQR123,49.6,1715155575,1716149507,1718174627,13
123DEF,72.82,1733008238,1733690545,1735356728,10
MNO789,82.11,1719799319,1721228512,1723560732,16
789VWX,37.59,1724843937,1727118714,1728148873,1
456JKL,47.13,1720426909,1722203499,1723160278,5
ABC123,9.47,1709023200,1711106819,1713643313,16
456JKL,64.12,1712845984,1713810205,1715690957,3
789VWX,67.5,1714729899,1716140389,1717246212,18
XYZ456,80.81,1733694412,1734697583,1736733497,7
789VWX,23.68,1715559233,1715707925,1717543924,3
123DEF,20.4,1705746191,1707046715,1707669449,3
PQR123,39.85,1723167102,1723256152,1725586133,18
456JKL,22.72,1711370504,1712871788,1713960092,30
YZA123,44.62,1705804425,1705924971,1707414747,10
STU456,37.04,1723067378,1723576536,1725918317,12
456JKL,28.68,1736284863,1738655690,1740999817,10
MNO789,35.96,1725480055,1726627467,1727658154,5
STU456,30.64,1724497559,1725820756,1726571321,29
789VWX,0.43,1709725196,1710401177,1710651468,29
STU456,19.66,1717410898,1718948455,1719914767,25
456JKL,29.09,1713730339,1715373785,1716580189,2
123DEF,94.43,1727196778,1729320980,1731490432,21
PQR123,90.62,1721651232,1722509274,1723715449,24
YZA123,15.88,1725188323,1725847112,1726192440,14
MNO789,51.32,1725543202,1726496748,1727796909,22
789GHI,94.77,1732312983,1733436463,1735460077,7
MNO789,50.42,1732931078,1735183603,1737756643,23
XYZ456,73.13,1733028529,1733264677,1735329175,8
XYZ456,3.21,1704940456,1705315308,1705716840,18
789GHI,36.58,1724946272,1726191530,1727320183,13
MNO789,76.16,1723812463,1724846832,1726742514,9
123DEF,61.89,1735693341,1735909762,1738082835,28
YZA123,39.63,1710417653,1712745547,1712992419,5
123DEF,87.83,1707153643,1709622683,1711493109,22
456JKL,17.51,1708289908,1709706724,1711339338,28
STU456,85.64,1722361857,1723016373,1723593544,9
YZA123,26.59,1706386939,1707691100,1708331897,2
ABC123,74.72,1704799530,1706810178,1708240012,15
XYZ456,49.42,1717457837,1718825312,1720959635,11
YZA123,44.42,1735695854,1736520759,1737286079,6
123DEF,36.15,1722100275,1724206893,1726753984,1
ABC123,32.58,1723112175,1724188890,1724300310,25
123DEF,92.85,1733813968,1735798484,1736386131,10
789GHI,85.84,1711480912,1713681948,1715868718,4
789VWX,92.49,1728686303,1729657043,1731956192,13
MNO789,19.76,1704543892,1705739203,1705871911,14
YZA123,65.81,1730731917,1732975697,1734635150,30
STU456,95.1,1721797251,1722985722,1723663186,24
YZA123,44.12,1704540550,1706967185,1707461894,32
789VWX,48.27,1729060155,1731168671,1732137428,21
789VWX,31.37,1712279059,1712980322,1714818396,23
123DEF,48.72,1726393022,1728608897,1728793781,20
STU456,94.42,1708964172,1711437056,1712334343,5
PQR123,64.14,1732094638,1733597058,1735358598,9
ABC123,24.4,1724981190,1725296484,1725903343,9
789GHI,7.18,1722215702,1723905208,1724453116,30
XYZ456,74.25,1723041302,1725481458,1727132399,17
789VWX,57.27,1735561413,1736919289,1738075613,24
MNO789,96.9,1732878944,1734512298,1735346863,11
YZA123,93.98,1732163582,1733783440,1734475055,13
123DEF,20.0,1718266633,1718990297,1719282624,11
123DEF,56.69,1710102843,1711034794,1713254224,11
789VWX,72.41,1720780269,1721020457,1721565312,15
STU456,71.07,1717819449,1720134611,1721388021,17
MNO789,49.3,1726872551,1729135573,1730942893,4
YZA123,95.22,1734879142,1735776008,1736633860,20
PQR123,82.68,1734094639,1734343045,1736193821,23
XYZ456,26.68,1709044764,1710508762,1711073674,5
789GHI,90.75,1709571444,1710510302,1710905671,6
MNO789,61.86,1723776882,1724957641,1725696042,21
XYZ456,3.0,1704568723,1705395874,1705814462,7
PQR123,83.72,1705892394,1707320515,1708358943,6
456JKL,63.82,1707928623,1709296997,1709771459,14
PQR123,0.08,1721024317,1723268691,1725444123,21
STU456,86.64,1709923499,1711740300,1713028308,23
PQR123,7.16,1729907742,1731461751,1732168037,4
STU456,47.38,1704338339,1705500353,1705666773,16
789GHI,83.94,1713042576,1713342685,1714764902,37
STU456,6.57,1724998262,1726999190,1727852885,22
789GHI,71.82,1720195333,1721855476,1723075385,4
PQR123,14.88,1712654391,1713936458,1714204764,9
MNO789,7.98,1729421436,1731644690,1732855134,33
STU456,66.41,1715623184,1717926906,1718191932,15
YZA123,32.38,1715290775,1717600857,1718763471,20
ABC123,61.1,1720807291,1721863241,1722623621,24
STU456,56.33,1734744895,1736636710,1736822618,21
